run_id,phase,train_variant,eta0,lambda,epoch,validation_relative_regret,validation_edge_f1,validation_exact_match,is_new_prefix_best,prefix_best_epoch,prefix_best_relative_regret,stale_evaluations,early_stop_here,current_q_min,current_q_max,q_boundary_pct,event_has_nonfinite,current_q_at_max,current_q_at_min,epoch_ms,event_nonfinite_fields,logged_best_marker,prefix_best_edge_f1,prefix_best_exact_match,projected_edges,q_boundary_count,selection_loss,update_status,validation_edge_jaccard
baseline_full_q1,controls,all,0.0001,100000,0,0.09352278,0.591144,0.337542,True,0,0.09352278,0,False,1.0,1.0,0.0,False,0,0,3675.53,,True,0.591144,0.337542,,0,0.093522778359,final_skipped,0.521204
control_full_eta1e4_t20,controls,all,0.0001,100000,0,0.09352278,0.591144,0.337542,True,0,0.09352278,0,False,1.0,1.0,0.0,False,0,0,3961.561,,True,0.591144,0.337542,1,0,0.093522778359,applied,0.521204
control_full_eta1e4_t20,controls,all,0.0001,100000,4,0.0785957,0.628576,0.306898,True,4,0.0785957,0,False,0.264202,1.591298,0.0,False,0,0,3756.292,,True,0.628576,0.306898,0,0,0.078595695917,applied,0.546648
control_full_eta1e4_t20,controls,all,0.0001,100000,9,0.07282659,0.647051,0.335573,True,9,0.07282659,0,False,0.21486,1.382921,0.0,False,0,0,3736.027,,True,0.647051,0.335573,0,0,0.072826590332,applied,0.568811
control_full_eta1e4_t20,controls,all,0.0001,100000,14,0.07005126,0.657076,0.347624,True,14,0.07005126,0,False,0.182375,1.39667,0.0,False,0,0,3641.243,,True,0.657076,0.347624,0,0,0.070051259306,applied,0.580206
control_full_eta1e4_t20,controls,all,0.0001,100000,19,0.0682635,0.656391,0.346694,True,19,0.0682635,0,False,0.173515,1.431332,0.0,False,0,0,3625.099,,True,0.656391,0.346694,,0,0.068263500935,final_skipped,0.57909
conv_10pct_eta1e3,convergence_10pct,scale_10pct_seed42,0.001,100000,0,0.09352278,0.591144,0.337542,True,0,0.09352278,0,False,1.0,1.0,0.0,False,0,0,3460.228,,True,0.591144,0.337542,520,0,0.093522778359,applied,0.521204
conv_10pct_eta1e3,convergence_10pct,scale_10pct_seed42,0.001,100000,4,0.37442117,0.488051,0.181279,False,0,0.09352278,1,False,0.1,9.558986,0.20649703420366983,False,0,149,3532.688,,False,0.591144,0.337542,145,149,0.374421165299,applied,0.401077
conv_10pct_eta1e3,convergence_10pct,scale_10pct_seed42,0.001,100000,9,0.24379169,0.55009,0.228337,False,0,0.09352278,2,False,0.1,10.0,0.08731082654249127,False,1,62,3554.932,,False,0.591144,0.337542,92,63,0.243791692714,applied,0.463605
conv_10pct_eta1e3,convergence_10pct,scale_10pct_seed42,0.001,100000,14,0.23046721,0.583148,0.261235,False,0,0.09352278,3,False,0.1,9.286122,0.08731082654249127,False,0,63,3365.118,,False,0.591144,0.337542,51,63,0.230467209244,applied,0.498768
conv_10pct_eta1e3,convergence_10pct,scale_10pct_seed42,0.001,100000,19,0.15416682,0.605338,0.280913,False,0,0.09352278,4,True,0.1,6.742105,0.05404955928820888,False,0,39,3421.285,,False,0.591144,0.337542,,39,0.154166823126,early_stop_skipped,0.522086
conv_10pct_eta1e4,convergence_10pct,scale_10pct_seed42,0.0001,100000,0,0.09352278,0.591144,0.337542,True,0,0.09352278,0,False,1.0,1.0,0.0,False,0,0,3470.518,,True,0.591144,0.337542,2,0,0.093522778359,applied,0.521204
conv_10pct_eta1e4,convergence_10pct,scale_10pct_seed42,0.0001,100000,4,0.0779916,0.630257,0.312005,True,4,0.0779916,0,False,0.279476,1.589798,0.0,False,0,0,3462.325,,True,0.630257,0.312005,0,0,0.077991595379,applied,0.549219
conv_10pct_eta1e4,convergence_10pct,scale_10pct_seed42,0.0001,100000,9,0.07285361,0.642692,0.328854,True,9,0.07285361,0,False,0.236031,1.371611,0.0,False,0,0,3491.236,,True,0.642692,0.328854,0,0,0.07285360594,applied,0.563128
conv_10pct_eta1e4,convergence_10pct,scale_10pct_seed42,0.0001,100000,14,0.07112801,0.651323,0.338751,True,14,0.07112801,0,False,0.206413,1.380481,0.0,False,0,0,3417.036,,True,0.651323,0.338751,0,0,0.071128013385,applied,0.573272
conv_10pct_eta1e4,convergence_10pct,scale_10pct_seed42,0.0001,100000,19,0.06920375,0.655735,0.346191,True,19,0.06920375,0,False,0.197645,1.411651,0.0,False,0,0,3411.136,,True,0.655735,0.346191,0,0,0.069203753012,applied,0.578596
conv_10pct_eta1e4,convergence_10pct,scale_10pct_seed42,0.0001,100000,24,0.06790915,0.659943,0.351181,True,24,0.06790915,0,False,0.202398,1.444081,0.0,False,0,0,3152.3,,True,0.659943,0.351181,0,0,0.067909150212,applied,0.583374
conv_10pct_eta1e4,convergence_10pct,scale_10pct_seed42,0.0001,100000,29,0.0675314,0.663511,0.356754,True,29,0.0675314,0,False,0.177867,1.467322,0.0,False,0,0,3026.015,,True,0.663511,0.356754,0,0,0.067531396063,applied,0.587734
conv_10pct_eta1e4,convergence_10pct,scale_10pct_seed42,0.0001,100000,34,0.06686125,0.664255,0.35339,True,34,0.06686125,0,False,0.148365,1.478498,0.0,False,0,0,3042.259,,True,0.664255,0.35339,0,0,0.066861249951,applied,0.588102
conv_10pct_eta1e4,convergence_10pct,scale_10pct_seed42,0.0001,100000,39,0.06642207,0.668025,0.361497,True,39,0.06642207,0,False,0.128439,1.485603,0.0,False,0,0,3068.205,,True,0.668025,0.361497,0,0,0.066422074633,applied,0.592815
conv_10pct_eta1e4,convergence_10pct,scale_10pct_seed42,0.0001,100000,44,0.06609794,0.667308,0.359722,True,44,0.06609794,0,False,0.114594,1.48904,0.0,False,0,0,2956.986,,True,0.667308,0.359722,0,0,0.066097939819,applied,0.591981
conv_10pct_eta1e4,convergence_10pct,scale_10pct_seed42,0.0001,100000,49,0.06568588,0.671061,0.362589,True,49,0.06568588,0,False,0.102166,1.496779,0.0,False,0,0,3045.734,,True,0.671061,0.362589,0,0,0.065685883163,applied,0.595984
conv_10pct_eta1e4,convergence_10pct,scale_10pct_seed42,0.0001,100000,54,0.06557547,0.672055,0.364674,True,54,0.06557547,0,False,0.1,1.497505,0.0013858861355950994,False,0,1,2978.047,,True,0.672055,0.364674,1,1,0.065575465638,applied,0.597426
conv_10pct_eta1e4,convergence_10pct,scale_10pct_seed42,0.0001,100000,59,0.06532172,0.670518,0.361621,True,59,0.06532172,0,False,0.1,1.503802,0.0013858861355950994,False,0,1,3015.44,,True,0.670518,0.361621,1,1,0.065321715443,applied,0.595495
conv_10pct_eta1e4,convergence_10pct,scale_10pct_seed42,0.0001,100000,64,0.06521325,0.674954,0.368642,True,64,0.06521325,0,False,0.1,1.505874,0.0013858861355950994,False,0,1,3124.974,,True,0.674954,0.368642,1,1,0.065213249287,applied,0.600975
conv_10pct_eta1e4,convergence_10pct,scale_10pct_seed42,0.0001,100000,69,0.06488329,0.675029,0.366612,True,69,0.06488329,0,False,0.1,1.507893,0.0013858861355950994,False,0,1,3157.781,,True,0.675029,0.366612,0,1,0.064883293153,applied,0.60071
conv_10pct_eta1e4,convergence_10pct,scale_10pct_seed42,0.0001,100000,74,0.0648394,0.672516,0.361752,True,74,0.0648394,0,False,0.1,1.513387,0.002771772271190199,False,0,2,3082.738,,True,0.672516,0.361752,1,2,0.06483940103,applied,0.597355
conv_10pct_eta1e4,convergence_10pct,scale_10pct_seed42,0.0001,100000,79,0.06464792,0.676576,0.371781,True,79,0.06464792,0,False,0.1,1.516398,0.0013858861355950994,False,0,1,3061.476,,True,0.676576,0.371781,2,1,0.064647922437,applied,0.602669
conv_10pct_eta1e4,convergence_10pct,scale_10pct_seed42,0.0001,100000,84,0.06457173,0.675222,0.366441,True,84,0.06457173,0,False,0.1,1.526894,0.002771772271190199,False,0,2,2933.688,,True,0.675222,0.366441,2,2,0.064571726527,applied,0.600637
conv_10pct_eta1e4,convergence_10pct,scale_10pct_seed42,0.0001,100000,89,0.06443802,0.677751,0.373401,True,89,0.06443802,0,False,0.1,1.535862,0.002771772271190199,False,0,2,2980.193,,True,0.677751,0.373401,1,2,0.064438023282,applied,0.604109
conv_10pct_eta1e4,convergence_10pct,scale_10pct_seed42,0.0001,100000,94,0.06439223,0.675871,0.369123,True,94,0.06439223,0,False,0.1,1.541294,0.0013858861355950994,False,0,1,3043.805,,True,0.675871,0.369123,1,1,0.064392230197,applied,0.601694
conv_10pct_eta1e4,convergence_10pct,scale_10pct_seed42,0.0001,100000,99,0.06430115,0.676683,0.369115,True,99,0.06430115,0,False,0.1,1.54668,0.002771772271190199,False,0,2,3036.869,,True,0.676683,0.369115,,2,0.064301146471,final_skipped,0.602539
conv_10pct_eta3e4,convergence_10pct,scale_10pct_seed42,0.0003,100000,0,0.09352278,0.591144,0.337542,True,0,0.09352278,0,False,1.0,1.0,0.0,False,0,0,3450.116,,True,0.591144,0.337542,68,0,0.093522778359,applied,0.521204
conv_10pct_eta3e4,convergence_10pct,scale_10pct_seed42,0.0003,100000,4,0.1255273,0.598137,0.267373,False,0,0.09352278,1,False,0.1,3.843441,0.008315316813570598,False,0,6,3494.82,,False,0.591144,0.337542,4,6,0.125527301547,applied,0.512741
conv_10pct_eta3e4,convergence_10pct,scale_10pct_seed42,0.0003,100000,9,0.09250978,0.631302,0.306875,True,9,0.09250978,0,False,0.1,2.590289,0.0013858861355950994,False,0,1,3511.92,,True,0.631302,0.306875,1,1,0.092509778208,applied,0.549705
conv_10pct_eta3e4,convergence_10pct,scale_10pct_seed42,0.0003,100000,14,0.07965427,0.645005,0.324808,True,14,0.07965427,0,False,0.1,1.911458,0.002771772271190199,False,0,2,3413.426,,True,0.645005,0.324808,2,2,0.079654273001,applied,0.564956
conv_10pct_eta3e4,convergence_10pct,scale_10pct_seed42,0.0003,100000,19,0.07797498,0.651443,0.333891,True,19,0.07797498,0,False,0.1,1.858297,0.002771772271190199,False,0,2,3405.41,,True,0.651443,0.333891,2,2,0.077974977739,applied,0.572283
conv_10pct_eta3e4,convergence_10pct,scale_10pct_seed42,0.0003,100000,24,0.07343597,0.655896,0.336108,True,24,0.07343597,0,False,0.1,1.827526,0.004157658406785299,False,0,3,3098.443,,True,0.655896,0.336108,1,3,0.073435966324,applied,0.577284
conv_10pct_eta3e4,convergence_10pct,scale_10pct_seed42,0.0003,100000,29,0.07254386,0.659565,0.344493,True,29,0.07254386,0,False,0.1,1.799061,0.005543544542380398,False,0,4,3084.829,,True,0.659565,0.344493,3,4,0.072543864038,applied,0.581832
conv_10pct_eta3e4,convergence_10pct,scale_10pct_seed42,0.0003,100000,34,0.0719541,0.659021,0.343858,True,34,0.0719541,0,False,0.1,1.780699,0.005543544542380398,False,0,4,3036.902,,True,0.659021,0.343858,3,4,0.071954102797,applied,0.581229
conv_10pct_eta3e4,convergence_10pct,scale_10pct_seed42,0.0003,100000,39,0.07012789,0.660691,0.342316,True,39,0.07012789,0,False,0.1,1.754336,0.005543544542380398,False,0,4,3026.034,,True,0.660691,0.342316,5,4,0.07012788773,applied,0.582259
conv_10pct_eta3e4,convergence_10pct,scale_10pct_seed42,0.0003,100000,44,0.06977726,0.665314,0.351243,True,44,0.06977726,0,False,0.1,1.801565,0.004157658406785299,False,0,3,3018.225,,True,0.665314,0.351243,5,3,0.069777263534,applied,0.588546
conv_10pct_eta3e4,convergence_10pct,scale_10pct_seed42,0.0003,100000,49,0.0689969,0.665052,0.347926,True,49,0.0689969,0,False,0.1,1.846098,0.008315316813570598,False,0,6,3030.7,,True,0.665052,0.347926,7,6,0.068996903672,applied,0.587479
conv_10pct_eta3e4,convergence_10pct,scale_10pct_seed42,0.0003,100000,54,0.06792081,0.664636,0.349523,True,54,0.06792081,0,False,0.1,1.887686,0.005543544542380398,False,0,4,3110.936,,True,0.664636,0.349523,4,4,0.06792080659,applied,0.587307
conv_10pct_eta3e4,convergence_10pct,scale_10pct_seed42,0.0003,100000,59,0.06771437,0.670661,0.358063,True,59,0.06771437,0,False,0.1,1.913527,0.011087089084760795,False,0,8,3042.432,,True,0.670661,0.358063,7,8,0.067714366268,applied,0.594434
conv_10pct_eta3e4,convergence_10pct,scale_10pct_seed42,0.0003,100000,64,0.06608205,0.672068,0.359823,True,64,0.06608205,0,False,0.1,1.929316,0.009701202949165696,False,0,7,3097.308,,True,0.672068,0.359823,8,7,0.066082051587,applied,0.596096
conv_10pct_eta3e4,convergence_10pct,scale_10pct_seed42,0.0003,100000,69,0.0671084,0.669329,0.358466,False,64,0.06608205,1,False,0.1,1.937261,0.005543544542380398,False,0,4,3080.168,,False,0.672068,0.359823,8,4,0.067108403047,applied,0.592977
conv_10pct_eta3e4,convergence_10pct,scale_10pct_seed42,0.0003,100000,74,0.06575003,0.673267,0.360667,True,74,0.06575003,0,False,0.1,1.948744,0.009701202949165696,False,0,7,3067.615,,True,0.673267,0.360667,8,7,0.065750032978,applied,0.597549
conv_10pct_eta3e4,convergence_10pct,scale_10pct_seed42,0.0003,100000,79,0.06549136,0.672747,0.357203,True,79,0.06549136,0,False,0.1,1.955318,0.009701202949165696,False,0,7,3032.441,,True,0.672747,0.357203,8,7,0.065491357858,applied,0.596582
conv_10pct_eta3e4,convergence_10pct,scale_10pct_seed42,0.0003,100000,84,0.06505032,0.678347,0.36734,True,84,0.06505032,0,False,0.1,1.955157,0.012472975220355896,False,0,9,2988.473,,True,0.678347,0.36734,8,9,0.065050320087,applied,0.603723
conv_10pct_eta3e4,convergence_10pct,scale_10pct_seed42,0.0003,100000,89,0.06440743,0.675646,0.362303,True,89,0.06440743,0,False,0.1,1.962551,0.016630633627141195,False,0,12,3045.376,,True,0.675646,0.362303,9,12,0.064407433682,applied,0.5998
conv_10pct_eta3e4,convergence_10pct,scale_10pct_seed42,0.0003,100000,94,0.06455748,0.673949,0.362287,False,89,0.06440743,1,False,0.1,1.97062,0.012472975220355896,False,0,9,3021.282,,False,0.675646,0.362303,12,9,0.064557481043,applied,0.598352
conv_10pct_eta3e4,convergence_10pct,scale_10pct_seed42,0.0003,100000,99,0.06495676,0.676305,0.362148,False,89,0.06440743,2,False,0.1,1.971425,0.013858861355950994,False,0,10,2930.862,,False,0.675646,0.362303,,10,0.064956758931,final_skipped,0.600778
conv_full_eta1e3,convergence_full,all,0.001,100000,0,0.09352278,0.591144,0.337542,True,0,0.09352278,0,False,1.0,1.0,0.0,False,0,0,3750.237,,True,0.591144,0.337542,517,0,0.093522778359,applied,0.521204
conv_full_eta1e3,convergence_full,all,0.001,100000,4,0.37076917,0.490987,0.182767,False,0,0.09352278,1,False,0.1,9.735042,0.18570874216974334,False,0,134,3663.137,,False,0.591144,0.337542,130,134,0.370769173457,applied,0.40293
conv_full_eta1e3,convergence_full,all,0.001,100000,9,0.23930989,0.562421,0.238482,False,0,0.09352278,2,False,0.1,8.71922,0.10809911857641775,False,0,78,3622.003,,False,0.591144,0.337542,76,78,0.23930989034,applied,0.476433
conv_full_eta1e3,convergence_full,all,0.001,100000,14,0.23979745,0.57438,0.255942,False,0,0.09352278,3,False,0.1,8.471166,0.07345196518654028,False,0,53,3639.994,,False,0.591144,0.337542,66,53,0.23979744522,applied,0.490031
conv_full_eta1e3,convergence_full,all,0.001,100000,19,0.16089075,0.598858,0.280765,False,0,0.09352278,4,True,0.1,7.313069,0.06097898996618438,False,0,44,3711.93,,False,0.591144,0.337542,,44,0.160890751199,early_stop_skipped,0.516363
conv_full_eta1e4,convergence_full,all,0.0001,100000,0,0.09352278,0.591144,0.337542,True,0,0.09352278,0,False,1.0,1.0,0.0,False,0,0,3632.818,,True,0.591144,0.337542,1,0,0.093522778359,applied,0.521204
conv_full_eta1e4,convergence_full,all,0.0001,100000,4,0.0785957,0.628576,0.306898,True,4,0.0785957,0,False,0.264202,1.591298,0.0,False,0,0,3683.35,,True,0.628576,0.306898,0,0,0.078595695917,applied,0.546648
conv_full_eta1e4,convergence_full,all,0.0001,100000,9,0.07282659,0.647051,0.335573,True,9,0.07282659,0,False,0.21486,1.382921,0.0,False,0,0,3715.446,,True,0.647051,0.335573,0,0,0.072826590332,applied,0.568811
conv_full_eta1e4,convergence_full,all,0.0001,100000,14,0.07005126,0.657076,0.347624,True,14,0.07005126,0,False,0.182375,1.39667,0.0,False,0,0,3794.35,,True,0.657076,0.347624,0,0,0.070051259306,applied,0.580206
conv_full_eta1e4,convergence_full,all,0.0001,100000,19,0.0682635,0.656391,0.346694,True,19,0.0682635,0,False,0.173515,1.431332,0.0,False,0,0,3642.842,,True,0.656391,0.346694,0,0,0.068263500935,applied,0.57909
conv_full_eta1e4,convergence_full,all,0.0001,100000,24,0.06759878,0.663767,0.355397,True,24,0.06759878,0,False,0.175042,1.466312,0.0,False,0,0,3601.916,,True,0.663767,0.355397,0,0,0.067598776697,applied,0.58801
conv_full_eta1e4,convergence_full,all,0.0001,100000,29,0.06700788,0.664288,0.357335,True,29,0.06700788,0,False,0.182168,1.487933,0.0,False,0,0,3641.584,,True,0.664288,0.357335,0,0,0.067007882671,applied,0.588518
conv_full_eta1e4,convergence_full,all,0.0001,100000,34,0.06634507,0.669433,0.36252,True,34,0.06634507,0,False,0.183016,1.491052,0.0,False,0,0,3632.019,,True,0.669433,0.36252,0,0,0.066345066898,applied,0.594412
conv_full_eta1e4,convergence_full,all,0.0001,100000,39,0.06577967,0.670189,0.366495,True,39,0.06577967,0,False,0.192797,1.494336,0.0,False,0,0,3626.646,,True,0.670189,0.366495,0,0,0.065779666038,applied,0.595824
conv_full_eta1e4,convergence_full,all,0.0001,100000,44,0.06567194,0.670698,0.364108,True,44,0.06567194,0,False,0.198567,1.504673,0.0,False,0,0,3711.657,,True,0.670698,0.364108,0,0,0.065671935296,applied,0.59598
conv_full_eta1e4,convergence_full,all,0.0001,100000,49,0.06509124,0.670798,0.365147,True,49,0.06509124,0,False,0.19354,1.510544,0.0,False,0,0,3716.367,,True,0.670798,0.365147,0,0,0.065091240055,applied,0.595927
conv_full_eta1e4,convergence_full,all,0.0001,100000,54,0.06508264,0.673282,0.366658,True,54,0.06508264,1,False,0.162074,1.512869,0.0,False,0,0,3628.964,,True,0.673282,0.366658,0,0,0.065082642992,applied,0.598834
conv_full_eta1e4,convergence_full,all,0.0001,100000,59,0.06487246,0.674374,0.367542,True,59,0.06487246,0,False,0.142123,1.522442,0.0,False,0,0,3649.946,,True,0.674374,0.367542,0,0,0.064872461244,applied,0.599982
conv_full_eta1e4,convergence_full,all,0.0001,100000,64,0.06449283,0.675109,0.367921,True,64,0.06449283,0,False,0.113346,1.534373,0.0,False,0,0,3684.461,,True,0.675109,0.367921,0,0,0.064492834798,applied,0.600681
conv_full_eta1e4,convergence_full,all,0.0001,100000,69,0.06440533,0.675334,0.36827,True,69,0.06440533,0,False,0.103768,1.545743,0.0,False,0,0,3643.771,,True,0.675334,0.36827,1,0,0.064405334873,applied,0.600881
conv_full_eta1e4,convergence_full,all,0.0001,100000,74,0.06436593,0.676089,0.369603,True,74,0.06436593,0,False,0.1,1.556687,0.0013858861355950994,False,0,1,3608.568,,True,0.676089,0.369603,1,1,0.064365934987,applied,0.601885
conv_full_eta1e4,convergence_full,all,0.0001,100000,79,0.06404731,0.676388,0.36944,True,79,0.06404731,0,False,0.1,1.565422,0.002771772271190199,False,0,2,3615.926,,True,0.676388,0.36944,2,2,0.064047306714,applied,0.602087
conv_full_eta1e4,convergence_full,all,0.0001,100000,84,0.0639438,0.679087,0.372796,True,84,0.0639438,0,False,0.1,1.572072,0.002771772271190199,False,0,2,3909.772,,True,0.679087,0.372796,2,2,0.063943795923,applied,0.605362
conv_full_eta1e4,convergence_full,all,0.0001,100000,89,0.06380139,0.678189,0.371347,True,89,0.06380139,0,False,0.1,1.578487,0.002771772271190199,False,0,2,3602.507,,True,0.678189,0.371347,2,2,0.063801394246,applied,0.60422
conv_full_eta1e4,convergence_full,all,0.0001,100000,94,0.06374686,0.680528,0.374827,True,94,0.06374686,0,False,0.1,1.584118,0.002771772271190199,False,0,2,3628.105,,True,0.680528,0.374827,2,2,0.063746856595,applied,0.607107
conv_full_eta1e4,convergence_full,all,0.0001,100000,99,0.06357497,0.677356,0.367921,True,99,0.06357497,0,False,0.1,1.589377,0.002771772271190199,False,0,2,3588.488,,True,0.677356,0.367921,,2,0.063574971554,final_skipped,0.602899
conv_full_eta3e4,convergence_full,all,0.0003,100000,0,0.09352278,0.591144,0.337542,True,0,0.09352278,0,False,1.0,1.0,0.0,False,0,0,3631.174,,True,0.591144,0.337542,69,0,0.093522778359,applied,0.521204
conv_full_eta3e4,convergence_full,all,0.0003,100000,4,0.12772386,0.599128,0.268125,False,0,0.09352278,1,False,0.1,3.841362,0.008315316813570598,False,0,6,3632.583,,False,0.591144,0.337542,10,6,0.127723864336,applied,0.513888
conv_full_eta3e4,convergence_full,all,0.0003,100000,9,0.08910051,0.636992,0.313664,True,9,0.08910051,0,False,0.139189,2.665838,0.0,False,0,0,3608.503,,True,0.636992,0.313664,1,0,0.089100514858,applied,0.555787
conv_full_eta3e4,convergence_full,all,0.0003,100000,14,0.07992749,0.647685,0.325421,True,14,0.07992749,0,False,0.1,1.966719,0.002771772271190199,False,0,2,3660.781,,True,0.647685,0.325421,2,2,0.079927492523,applied,0.567297
conv_full_eta3e4,convergence_full,all,0.0003,100000,19,0.07961152,0.650105,0.331752,True,19,0.07961152,0,False,0.1,1.93887,0.004157658406785299,False,0,3,3690.671,,True,0.650105,0.331752,2,3,0.079611516481,applied,0.570637
conv_full_eta3e4,convergence_full,all,0.0003,100000,24,0.07470697,0.658503,0.339642,True,24,0.07470697,0,False,0.1,1.915027,0.002771772271190199,False,0,2,3634.06,,True,0.658503,0.339642,1,2,0.074706973921,applied,0.580191
conv_full_eta3e4,convergence_full,all,0.0003,100000,29,0.07123149,0.659518,0.344718,True,29,0.07123149,0,False,0.1,1.89564,0.0013858861355950994,False,0,1,3601.681,,True,0.659518,0.344718,3,1,0.071231488375,applied,0.581668
conv_full_eta3e4,convergence_full,all,0.0003,100000,34,0.07119053,0.663485,0.344594,True,34,0.07119053,0,False,0.1,1.882606,0.004157658406785299,False,0,3,3586.352,,True,0.663485,0.344594,2,3,0.071190530751,applied,0.585658
conv_full_eta3e4,convergence_full,all,0.0003,100000,39,0.06927741,0.665728,0.35346,True,39,0.06927741,0,False,0.1,1.862007,0.002771772271190199,False,0,2,3680.943,,True,0.665728,0.35346,3,2,0.069277410439,applied,0.588939
conv_full_eta3e4,convergence_full,all,0.0003,100000,44,0.06906319,0.666442,0.35146,True,44,0.06906319,0,False,0.1,1.85585,0.005543544542380398,False,0,4,3734.496,,True,0.666442,0.35146,2,4,0.069063194436,applied,0.589738
conv_full_eta3e4,convergence_full,all,0.0003,100000,49,0.06765661,0.668256,0.357939,True,49,0.06765661,0,False,0.1,1.873266,0.005543544542380398,False,0,4,3673.433,,True,0.668256,0.357939,4,4,0.067656610094,applied,0.591878
conv_full_eta3e4,convergence_full,all,0.0003,100000,54,0.06733059,0.668014,0.355568,True,54,0.06733059,0,False,0.1,1.908368,0.005543544542380398,False,0,4,3831.251,,True,0.668014,0.355568,4,4,0.067330592606,applied,0.591529
conv_full_eta3e4,convergence_full,all,0.0003,100000,59,0.06695986,0.676423,0.366054,True,59,0.06695986,0,False,0.1,1.947731,0.004157658406785299,False,0,3,3685.834,,True,0.676423,0.366054,6,3,0.066959859321,applied,0.601325
conv_full_eta3e4,convergence_full,all,0.0003,100000,64,0.06536429,0.672338,0.357381,True,64,0.06536429,0,False,0.1,1.972792,0.009701202949165696,False,0,7,3666.688,,True,0.672338,0.357381,5,7,0.065364289349,applied,0.595824
conv_full_eta3e4,convergence_full,all,0.0003,100000,69,0.06491862,0.675291,0.363426,True,69,0.06491862,0,False,0.1,1.993805,0.006929430677975497,False,0,5,3601.906,,True,0.675291,0.363426,6,5,0.064918623818,applied,0.599779
conv_full_eta3e4,convergence_full,all,0.0003,100000,74,0.06600887,0.672065,0.358156,False,69,0.06491862,1,False,0.1,1.99422,0.009701202949165696,False,0,7,3701.343,,False,0.675291,0.363426,4,7,0.066008871623,applied,0.595872
conv_full_eta3e4,convergence_full,all,0.0003,100000,79,0.06384599,0.679951,0.370998,True,79,0.06384599,0,False,0.1,1.998643,0.008315316813570598,False,0,6,3609.428,,True,0.679951,0.370998,6,6,0.063845992229,applied,0.605377
conv_full_eta3e4,convergence_full,all,0.0003,100000,84,0.06415017,0.678241,0.367565,False,79,0.06384599,1,False,0.1,2.006448,0.011087089084760795,False,0,8,3696.721,,False,0.679951,0.370998,5,8,0.064150174539,applied,0.603143
conv_full_eta3e4,convergence_full,all,0.0003,100000,89,0.06421598,0.67759,0.366495,False,79,0.06384599,2,False,0.1,2.012085,0.009701202949165696,False,0,7,3628.844,,False,0.679951,0.370998,5,7,0.064215983136,applied,0.602621
conv_full_eta3e4,convergence_full,all,0.0003,100000,94,0.0645782,0.674809,0.36641,False,79,0.06384599,3,False,0.1,2.015619,0.009701202949165696,False,0,7,3680.78,,False,0.679951,0.370998,6,7,0.064578200315,applied,0.599483
conv_full_eta3e4,convergence_full,all,0.0003,100000,99,0.06348409,0.681488,0.371068,True,99,0.06348409,0,False,0.1,2.019888,0.009701202949165696,False,0,7,3622.639,,True,0.681488,0.371068,,7,0.063484090822,final_skipped,0.606961
erase_10pct_eta1e4,loop_erasure_10pct,scale_10pct_seed42,0.0001,100000,0,0.09352278,0.591144,0.337542,True,0,0.09352278,0,False,1.0,1.0,0.0,False,0,0,1616.17,,True,0.591144,0.337542,2,0,0.093522778359,applied,0.521204
erase_10pct_eta1e4,loop_erasure_10pct,scale_10pct_seed42,0.0001,100000,4,0.07828546,0.631242,0.314113,True,4,0.07828546,0,False,0.271468,1.575198,0.0,False,0,0,1660.272,,True,0.631242,0.314113,0,0,0.07828546076,applied,0.550303
erase_10pct_eta1e4,loop_erasure_10pct,scale_10pct_seed42,0.0001,100000,9,0.07207898,0.647659,0.335511,True,9,0.07207898,0,False,0.236127,1.394332,0.0,False,0,0,1645.947,,True,0.647659,0.335511,0,0,0.072078984643,applied,0.569211
erase_10pct_eta1e4,loop_erasure_10pct,scale_10pct_seed42,0.0001,100000,14,0.07006996,0.653136,0.339006,True,14,0.07006996,0,False,0.204344,1.400457,0.0,False,0,0,1731.778,,True,0.653136,0.339006,0,0,0.070069963813,applied,0.575087
erase_10pct_eta1e4,loop_erasure_10pct,scale_10pct_seed42,0.0001,100000,19,0.06897679,0.658799,0.349957,True,19,0.06897679,0,False,0.197555,1.428979,0.0,False,0,0,1710.628,,True,0.658799,0.349957,0,0,0.068976786125,applied,0.582286
erase_10pct_eta1e4,loop_erasure_10pct,scale_10pct_seed42,0.0001,100000,24,0.067836,0.659921,0.348616,True,24,0.067836,0,False,0.191883,1.468955,0.0,False,0,0,1617.115,,True,0.659921,0.348616,0,0,0.067835997257,applied,0.582986
erase_10pct_eta1e4,loop_erasure_10pct,scale_10pct_seed42,0.0001,100000,29,0.06721904,0.666105,0.360024,True,29,0.06721904,0,False,0.197418,1.493821,0.0,False,0,0,1605.154,,True,0.666105,0.360024,0,0,0.067219042066,applied,0.590935
erase_10pct_eta1e4,loop_erasure_10pct,scale_10pct_seed42,0.0001,100000,34,0.06652089,0.668185,0.359071,True,34,0.06652089,0,False,0.20029,1.511849,0.0,False,0,0,1633.685,,True,0.668185,0.359071,0,0,0.066520885162,applied,0.592732
erase_10pct_eta1e4,loop_erasure_10pct,scale_10pct_seed42,0.0001,100000,39,0.06623962,0.671222,0.365062,True,39,0.06623962,0,False,0.202161,1.528609,0.0,False,0,0,1608.124,,True,0.671222,0.365062,0,0,0.066239620541,applied,0.596598
erase_10pct_eta1e4,loop_erasure_10pct,scale_10pct_seed42,0.0001,100000,44,0.06598393,0.671999,0.365488,True,44,0.06598393,0,False,0.20383,1.544105,0.0,False,0,0,1677.956,,True,0.671999,0.365488,0,0,0.065983933463,applied,0.597513
erase_10pct_eta1e4,loop_erasure_10pct,scale_10pct_seed42,0.0001,100000,49,0.06562211,0.674918,0.368813,True,49,0.06562211,0,False,0.188445,1.5582,0.0,False,0,0,1588.257,,True,0.674918,0.368813,0,0,0.065622112955,applied,0.60086
erase_10pct_eta1e4,loop_erasure_10pct,scale_10pct_seed42,0.0001,100000,54,0.06548145,0.672883,0.363992,True,54,0.06548145,0,False,0.157011,1.570342,0.0,False,0,0,1626.164,,True,0.672883,0.363992,0,0,0.06548145448,applied,0.597951
erase_10pct_eta1e4,loop_erasure_10pct,scale_10pct_seed42,0.0001,100000,59,0.0651592,0.672648,0.367449,True,59,0.0651592,0,False,0.134225,1.581328,0.0,False,0,0,1626.979,,True,0.672648,0.367449,0,0,0.065159199617,applied,0.598013
erase_10pct_eta1e4,loop_erasure_10pct,scale_10pct_seed42,0.0001,100000,64,0.06500335,0.676151,0.367991,True,64,0.06500335,0,False,0.116364,1.591859,0.0,False,0,0,1639.407,,True,0.676151,0.367991,0,0,0.06500335069,applied,0.601826
erase_10pct_eta1e4,loop_erasure_10pct,scale_10pct_seed42,0.0001,100000,69,0.06479958,0.678991,0.374385,True,69,0.06479958,0,False,0.1,1.601347,0.0013858861355950994,False,0,1,1618.872,,True,0.678991,0.374385,1,1,0.064799582723,applied,0.605653
erase_10pct_eta1e4,loop_erasure_10pct,scale_10pct_seed42,0.0001,100000,74,0.06473604,0.674671,0.367945,True,74,0.06473604,0,False,0.1,1.609779,0.0013858861355950994,False,0,1,1629.03,,True,0.674671,0.367945,1,1,0.064736042724,applied,0.600289
erase_10pct_eta1e4,loop_erasure_10pct,scale_10pct_seed42,0.0001,100000,79,0.06454504,0.677516,0.36944,True,79,0.06454504,0,False,0.1,1.617932,0.0013858861355950994,False,0,1,1629.913,,True,0.677516,0.36944,1,1,0.064545041623,applied,0.603431
erase_10pct_eta1e4,loop_erasure_10pct,scale_10pct_seed42,0.0001,100000,84,0.06445261,0.676112,0.371169,True,84,0.06445261,0,False,0.1,1.625831,0.0013858861355950994,False,0,1,1658.677,,True,0.676112,0.371169,1,1,0.064452608477,applied,0.601967
erase_10pct_eta1e4,loop_erasure_10pct,scale_10pct_seed42,0.0001,100000,89,0.06427773,0.677648,0.368836,True,89,0.06427773,0,False,0.1,1.633499,0.002771772271190199,False,0,2,1626.99,,True,0.677648,0.368836,2,2,0.064277729388,applied,0.603654
erase_10pct_eta1e4,loop_erasure_10pct,scale_10pct_seed42,0.0001,100000,94,0.06421313,0.679479,0.371913,True,94,0.06421313,0,False,0.1,1.6408,0.002771772271190199,False,0,2,1646.228,,True,0.679479,0.371913,2,2,0.064213125117,applied,0.605592
erase_10pct_eta1e4,loop_erasure_10pct,scale_10pct_seed42,0.0001,100000,99,0.06412951,0.676313,0.369045,True,99,0.06412951,0,False,0.1,1.647139,0.002771772271190199,False,0,2,1634.31,,True,0.676313,0.369045,,2,0.064129512907,final_skipped,0.601925
erase_full_eta3e4,loop_erasure_full,all,0.0003,100000,0,0.09352278,0.591144,0.337542,True,0,0.09352278,0,False,1.0,1.0,0.0,False,0,0,4458.629,,True,0.591144,0.337542,77,0,0.093522778359,applied,0.521204
erase_full_eta3e4,loop_erasure_full,all,0.0003,100000,4,0.13421653,0.595598,0.264777,False,0,0.09352278,1,False,0.1,3.581935,0.011087089084760795,False,0,8,4387.021,,False,0.591144,0.337542,12,8,0.134216532191,applied,0.510175
erase_full_eta3e4,loop_erasure_full,all,0.0003,100000,9,0.08846625,0.636905,0.312246,True,9,0.08846625,0,False,0.1,2.426515,0.004157658406785299,False,0,3,4453.06,,True,0.636905,0.312246,1,3,0.088466247459,applied,0.555671
erase_full_eta3e4,loop_erasure_full,all,0.0003,100000,14,0.08500583,0.643647,0.322824,True,14,0.08500583,0,False,0.1,2.034446,0.0013858861355950994,False,0,1,4316.496,,True,0.643647,0.322824,1,1,0.085005834255,applied,0.563022
erase_full_eta3e4,loop_erasure_full,all,0.0003,100000,19,0.07807904,0.651861,0.335914,True,19,0.07807904,0,False,0.1,1.9944,0.002771772271190199,False,0,2,4370.363,,True,0.651861,0.335914,2,2,0.078079041444,applied,0.573346
erase_full_eta3e4,loop_erasure_full,all,0.0003,100000,24,0.07553983,0.656002,0.339828,True,24,0.07553983,0,False,0.1,1.968063,0.004157658406785299,False,0,3,4341.081,,True,0.656002,0.339828,2,3,0.075539832434,applied,0.57776
erase_full_eta3e4,loop_erasure_full,all,0.0003,100000,29,0.07215096,0.659255,0.339967,True,29,0.07215096,0,False,0.1,1.941076,0.004157658406785299,False,0,3,4375.178,,True,0.659255,0.339967,3,3,0.07215096053,applied,0.580774
erase_full_eta3e4,loop_erasure_full,all,0.0003,100000,34,0.07247587,0.659094,0.344207,False,29,0.07215096,1,False,0.1,1.913439,0.004157658406785299,False,0,3,4361.667,,False,0.659255,0.339967,3,3,0.072475868492,applied,0.581354
erase_full_eta3e4,loop_erasure_full,all,0.0003,100000,39,0.07028334,0.664564,0.34812,True,39,0.07028334,0,False,0.1,1.895765,0.004157658406785299,False,0,3,4322.685,,True,0.664564,0.34812,6,3,0.070283338289,applied,0.586735
erase_full_eta3e4,loop_erasure_full,all,0.0003,100000,44,0.06897864,0.670621,0.357529,True,44,0.06897864,0,False,0.1,1.878926,0.006929430677975497,False,0,5,4344.195,,True,0.670621,0.357529,5,5,0.06897864264,applied,0.594409
erase_full_eta3e4,loop_erasure_full,all,0.0003,100000,49,0.06814912,0.671724,0.358645,True,49,0.06814912,0,False,0.1,1.910054,0.005543544542380398,False,0,4,4331.591,,True,0.671724,0.358645,4,4,0.068149118451,applied,0.595433
erase_full_eta3e4,loop_erasure_full,all,0.0003,100000,54,0.06883695,0.671025,0.357645,False,49,0.06814912,1,False,0.1,1.955247,0.009701202949165696,False,0,7,4344.105,,False,0.671724,0.358645,9,7,0.068836947038,applied,0.595041
erase_full_eta3e4,loop_erasure_full,all,0.0003,100000,59,0.06683474,0.673631,0.360869,True,59,0.06683474,0,False,0.1,1.9675,0.011087089084760795,False,0,8,4369.294,,True,0.673631,0.360869,8,8,0.066834738177,applied,0.597903
erase_full_eta3e4,loop_erasure_full,all,0.0003,100000,64,0.06672925,0.672664,0.360109,True,64,0.06672925,0,False,0.1,1.976695,0.009701202949165696,False,0,7,4379.034,,True,0.672664,0.360109,11,7,0.066729253238,applied,0.596444
erase_full_eta3e4,loop_erasure_full,all,0.0003,100000,69,0.06589251,0.676523,0.36269,True,69,0.06589251,0,False,0.1,1.976225,0.012472975220355896,False,0,9,4454.83,,True,0.676523,0.36269,10,9,0.065892508953,applied,0.600878
erase_full_eta3e4,loop_erasure_full,all,0.0003,100000,74,0.06619804,0.675663,0.360753,False,69,0.06589251,1,False,0.1,1.981244,0.016630633627141195,False,0,12,4366.704,,False,0.676523,0.36269,10,12,0.066198041885,applied,0.599841
erase_full_eta3e4,loop_erasure_full,all,0.0003,100000,79,0.06584284,0.671542,0.359644,True,79,0.06584284,0,False,0.1,1.991052,0.012472975220355896,False,0,9,4389.617,,True,0.671542,0.359644,11,9,0.065842837299,applied,0.595346
erase_full_eta3e4,loop_erasure_full,all,0.0003,100000,84,0.06626263,0.676961,0.363581,False,79,0.06584284,1,False,0.1,1.992264,0.019402405898331393,False,0,14,4383.995,,False,0.671542,0.359644,11,14,0.066262632973,applied,0.601311
erase_full_eta3e4,loop_erasure_full,all,0.0003,100000,89,0.06505337,0.675159,0.363163,True,89,0.06505337,0,False,0.1,2.001256,0.020788292033926493,False,0,15,4329.123,,True,0.675159,0.363163,16,15,0.065053373829,applied,0.599327
erase_full_eta3e4,loop_erasure_full,all,0.0003,100000,94,0.06549827,0.676324,0.362093,False,89,0.06505337,1,False,0.1,1.998227,0.018016519762736292,False,0,13,4352.718,,False,0.675159,0.363163,14,13,0.065498269398,applied,0.600549
erase_full_eta3e4,loop_erasure_full,all,0.0003,100000,99,0.06486248,0.681446,0.368813,True,99,0.06486248,0,False,0.1,2.007811,0.02356006430511669,False,0,17,4385.106,,True,0.681446,0.368813,,17,0.064862484353,final_skipped,0.606746
